{"rouge": {"rouge1": 0.15958763078030336, "rouge2": 0.052517738346327926, "rougeL": 0.1225325166238379, "rougeLsum": 0.12261680796431254}, "bleu": {"bleu": 0.04171927911868512, "precisions": [0.21918881456035677, 0.06317544618044835, 0.026087507123409105, 0.012473202104852855], "brevity_penalty": 0.9055084013590152, "length_ratio": 0.9097039473684211, "translation_length": 16593, "reference_length": 18240}, "bertscore": {"precision": 0.7228472834825516, "recall": 0.7593743450939655, "f1": 0.739175305813551}}