{"rouge": {"rouge1": 0.16694654272368356, "rouge2": 0.04920671534932485, "rougeL": 0.12499061988862677, "rougeLsum": 0.12483827495090771}, "bleu": {"bleu": 0.041091626093806496, "precisions": [0.21156533892382948, 0.06176961602671119, 0.02455411678475446, 0.011394941147007263], "brevity_penalty": 0.9397003137204742, "length_ratio": 0.9414473684210526, "translation_length": 17172, "reference_length": 18240}, "bertscore": {"precision": 0.7330867010354996, "recall": 0.7642838351428509, "f1": 0.7465453043580055}}