{"rouge": {"rouge1": 0.20200403674876133, "rouge2": 0.0820300503434371, "rougeL": 0.16475531451878697, "rougeLsum": 0.16517020137789185}, "bleu": {"bleu": 0.06243998297358361, "precisions": [0.23446658851113716, 0.08163265306122448, 0.03936039360393604, 0.0201765447667087], "brevity_penalty": 1.0, "length_ratio": 1.3390894819466248, "translation_length": 853, "reference_length": 637}, "bertscore": {"precision": 0.7411237984895707, "recall": 0.7689349085092545, "f1": 0.754060697555542}}