{"rouge": {"rouge1": 0.19784027196183818, "rouge2": 0.0711719656990539, "rougeL": 0.1542069906286274, "rougeLsum": 0.15449639545330418}, "bleu": {"bleu": 0.04952721184310553, "precisions": [0.22874506229109692, 0.07499221426346932, 0.03398275311402108, 0.01592920353982301], "brevity_penalty": 0.8971989323086585, "length_ratio": 0.9021381578947368, "translation_length": 16455, "reference_length": 18240}, "bertscore": {"precision": 0.7455385571718216, "recall": 0.7779168918728828, "f1": 0.7595337131619453}}