{"rouge": {"rouge1": 0.20868917411609247, "rouge2": 0.08590988382382396, "rougeL": 0.16246472494888087, "rougeLsum": 0.1626262248842691}, "bleu": {"bleu": 0.06915296308060778, "precisions": [0.24371859296482412, 0.09407216494845361, 0.04894179894179894, 0.020380434782608696], "brevity_penalty": 1.0, "length_ratio": 1.249607535321821, "translation_length": 796, "reference_length": 637}, "bertscore": {"precision": 0.7483662396669388, "recall": 0.7691834896802903, "f1": 0.7573666095733642}}