{"rouge": {"rouge1": 0.2073650345330075, "rouge2": 0.08509612745450816, "rougeL": 0.16018886867486515, "rougeLsum": 0.16264767310530728}, "bleu": {"bleu": 0.06571834031384911, "precisions": [0.23205741626794257, 0.08946078431372549, 0.04648241206030151, 0.019329896907216496], "brevity_penalty": 1.0, "length_ratio": 1.3124018838304552, "translation_length": 836, "reference_length": 637}, "bertscore": {"precision": 0.7374646455049515, "recall": 0.7716178357601166, "f1": 0.752814581990242}}