{"rouge": {"rouge1": 0.19844620200037122, "rouge2": 0.08050767909659493, "rougeL": 0.1645607722190705, "rougeLsum": 0.16561416068610746}, "bleu": {"bleu": 0.062062653782501406, "precisions": [0.2331002331002331, 0.081145584725537, 0.039119804400977995, 0.020050125313283207], "brevity_penalty": 1.0, "length_ratio": 1.346938775510204, "translation_length": 858, "reference_length": 637}, "bertscore": {"precision": 0.7390007257461548, "recall": 0.7688426166772843, "f1": 0.7529257655143737}}