{"rouge": {"rouge1": 0.14023603764606302, "rouge2": 0.04086989180345885, "rougeL": 0.11169145195277891, "rougeLsum": 0.11157560539648462}, "bleu": {"bleu": 0.04295446419195207, "precisions": [0.19327731092436976, 0.05166051660516605, 0.02395964691046658, 0.014230271668822769], "brevity_penalty": 1.0, "length_ratio": 1.3076923076923077, "translation_length": 833, "reference_length": 637}, "bertscore": {"precision": 0.716945618391037, "recall": 0.7457807064056396, "f1": 0.7303090900182724}}