{"rouge": {"rouge1": 0.17368936300224935, "rouge2": 0.051761722065601035, "rougeL": 0.13488098386771977, "rougeLsum": 0.13471127875239564}, "bleu": {"bleu": 0.04587720740544699, "precisions": [0.1971995332555426, 0.06332138590203107, 0.025703794369645042, 0.013801756587202008], "brevity_penalty": 1.0, "length_ratio": 1.3453689167974883, "translation_length": 857, "reference_length": 637}, "bertscore": {"precision": 0.7347334027290344, "recall": 0.7607545971870422, "f1": 0.7463700115680695}}