{"rouge": {"rouge1": 0.1031431908149568, "rouge2": 0.018425058876600207, "rougeL": 0.06833931603868657, "rougeLsum": 0.08995399178983347}, "bleu": {"bleu": 0.019578291401849482, "precisions": [0.1283068783068783, 0.020380434782608696, 0.009776536312849162, 0.005747126436781609], "brevity_penalty": 1.0, "length_ratio": 1.1868131868131868, "translation_length": 756, "reference_length": 637}, "bertscore": {"precision": 0.6674660682678223, "recall": 0.7074789941310883, "f1": 0.6860011547803879}}