{"rouge": {"rouge1": 0.24146985313407326, "rouge2": 0.10349520531300058, "rougeL": 0.2014340565986213, "rougeLsum": 0.20900901434614683}, "bleu": {"bleu": 0.09302105478769464, "precisions": [0.26021798365122617, 0.1092436974789916, 0.06340057636887608, 0.04154302670623145], "brevity_penalty": 1.0, "length_ratio": 1.152276295133438, "translation_length": 734, "reference_length": 637}, "bertscore": {"precision": 0.7601333677768707, "recall": 0.776107108592987, "f1": 0.7671585112810135}}