{"rouge": {"rouge1": 0.10937527321232252, "rouge2": 0.023390069305335867, "rougeL": 0.07246694272545229, "rougeLsum": 0.08916176405050752}, "bleu": {"bleu": 0.023947927993496456, "precisions": [0.13306982872200263, 0.023004059539918808, 0.012517385257301807, 0.008583690987124463], "brevity_penalty": 1.0, "length_ratio": 1.1915227629513343, "translation_length": 759, "reference_length": 637}, "bertscore": {"precision": 0.666374796628952, "recall": 0.7057047992944717, "f1": 0.6845481187105179}}