{"rouge": {"rouge1": 0.2513112755106751, "rouge2": 0.10390151666682143, "rougeL": 0.20127613753665424, "rougeLsum": 0.20381262569889788}, "bleu": {"bleu": 0.10006905320065046, "precisions": [0.2612137203166227, 0.11788617886178862, 0.07103064066852367, 0.045845272206303724], "brevity_penalty": 1.0, "length_ratio": 1.1899529042386185, "translation_length": 758, "reference_length": 637}, "bertscore": {"precision": 0.7554238051176071, "recall": 0.7780190020799637, "f1": 0.7653242528438569}}