{"rouge": {"rouge1": 0.21749389530380359, "rouge2": 0.09037427993832309, "rougeL": 0.17534530113326285, "rougeLsum": 0.1784219397427978}, "bleu": {"bleu": 0.09332925636986208, "precisions": [0.24399494310998734, 0.10246433203631647, 0.06524633821571238, 0.046511627906976744], "brevity_penalty": 1.0, "length_ratio": 1.2417582417582418, "translation_length": 791, "reference_length": 637}, "bertscore": {"precision": 0.7437560707330704, "recall": 0.7685692816972732, "f1": 0.7546193391084671}}