{"rouge": {"rouge1": 0.20315965461831625, "rouge2": 0.09416933702550004, "rougeL": 0.16075113747212744, "rougeLsum": 0.1657238534706577}, "bleu": {"bleu": 0.09105762735993479, "precisions": [0.23136246786632392, 0.10158311345646438, 0.06775067750677506, 0.04317548746518106], "brevity_penalty": 1.0, "length_ratio": 1.2213500784929356, "translation_length": 778, "reference_length": 637}, "bertscore": {"precision": 0.7400385826826096, "recall": 0.7590055108070374, "f1": 0.7483234316110611}}