{"rouge": {"rouge1": 0.25823271434072403, "rouge2": 0.1059127043823354, "rougeL": 0.2025850232814841, "rougeLsum": 0.20313485271687817}, "bleu": {"bleu": 0.07408484950495485, "precisions": [0.31755341432760786, 0.1295072547047838, 0.06337819849134743, 0.03452217649748514], "brevity_penalty": 0.7606627817201755, "length_ratio": 0.7851973684210526, "translation_length": 14322, "reference_length": 18240}, "bertscore": {"precision": 0.7783628462255001, "recall": 0.7973463517427445, "f1": 0.7857176731526851}}