{"rouge": {"rouge1": 0.28921959962830035, "rouge2": 0.12580883810077367, "rougeL": 0.23083591571948095, "rougeLsum": 0.23351095259996923}, "bleu": {"bleu": 0.10362749123322966, "precisions": [0.31140939597315437, 0.13517241379310344, 0.06950354609929078, 0.03941605839416058], "brevity_penalty": 1.0, "length_ratio": 1.1695447409733124, "translation_length": 745, "reference_length": 637}, "bertscore": {"precision": 0.7750560343265533, "recall": 0.7923458039760589, "f1": 0.7825057208538055}}