{"rouge": {"rouge1": 0.19218566639794588, "rouge2": 0.06014544575298757, "rougeL": 0.14817324131124482, "rougeLsum": 0.14868180926916075}, "bleu": {"bleu": 0.040401518711035006, "precisions": [0.20509708737864077, 0.05721393034825871, 0.021683673469387755, 0.010471204188481676], "brevity_penalty": 1.0, "length_ratio": 1.293563579277865, "translation_length": 824, "reference_length": 637}, "bertscore": {"precision": 0.7427944213151931, "recall": 0.7671866714954376, "f1": 0.7537676125764847}}