{"rouge": {"rouge1": 0.29248787896695905, "rouge2": 0.12168553579617819, "rougeL": 0.23146580851654297, "rougeLsum": 0.2326627331975606}, "bleu": {"bleu": 0.11209581631658724, "precisions": [0.31955922865013775, 0.13739376770538245, 0.07725947521865889, 0.046546546546546545], "brevity_penalty": 1.0, "length_ratio": 1.139717425431711, "translation_length": 726, "reference_length": 637}, "bertscore": {"precision": 0.7781237602233887, "recall": 0.7942078113555908, "f1": 0.7850394070148468}}