{"rouge": {"rouge1": 0.27836214872755, "rouge2": 0.118825952000467, "rougeL": 0.21429260339685402, "rougeLsum": 0.21491076253031594}, "bleu": {"bleu": 0.09297364230333449, "precisions": [0.2963464140730717, 0.12100139082058414, 0.06151645207439199, 0.033873343151693665], "brevity_penalty": 1.0, "length_ratio": 1.1601255886970172, "translation_length": 739, "reference_length": 637}, "bertscore": {"precision": 0.772236293554306, "recall": 0.7921913623809814, "f1": 0.7805971831083298}}