{"rouge": {"rouge1": 0.21448022784957266, "rouge2": 0.08033049227635, "rougeL": 0.16732604117937977, "rougeLsum": 0.1674619908883171}, "bleu": {"bleu": 0.06339991919152359, "precisions": [0.26322751322751325, 0.09763504781597312, 0.0463650835765455, 0.024597983101662578], "brevity_penalty": 0.8616518242939354, "length_ratio": 0.8703947368421052, "translation_length": 15876, "reference_length": 18240}, "bertscore": {"precision": 0.7590623416006566, "recall": 0.7802864408493042, "f1": 0.7675421762466431}}