{"rouge": {"rouge1": 0.255260651131463, "rouge2": 0.10557366048699413, "rougeL": 0.19937883926276614, "rougeLsum": 0.20058179644280805}, "bleu": {"bleu": 0.07737476041450247, "precisions": [0.3084252075677147, 0.12921505526794458, 0.06463221534475314, 0.03653475618793538], "brevity_penalty": 0.7855878491926782, "length_ratio": 0.8055921052631579, "translation_length": 14694, "reference_length": 18240}, "bertscore": {"precision": 0.7756866237521172, "recall": 0.7957037203013897, "f1": 0.7836008158326149}}