{"rouge": {"rouge1": 0.2526435265089556, "rouge2": 0.10118524842840815, "rougeL": 0.20291408144965378, "rougeLsum": 0.20299665526441063}, "bleu": {"bleu": 0.06658308873899947, "precisions": [0.3039805269186712, 0.12433667452830188, 0.05953827460510328, 0.02968358395989975], "brevity_penalty": 0.7365030334146756, "length_ratio": 0.7657894736842106, "translation_length": 13968, "reference_length": 18240}, "bertscore": {"precision": 0.7795444899797439, "recall": 0.8037558035552501, "f1": 0.7884738329052925}}