{"rouge": {"rouge1": 0.2648717982888672, "rouge2": 0.11035676258201654, "rougeL": 0.21264697161371132, "rougeLsum": 0.21265770057993877}, "bleu": {"bleu": 0.07455930644534357, "precisions": [0.3120775786071114, 0.13745080230093853, 0.07188573212613175, 0.0390467756219306], "brevity_penalty": 0.711774505968101, "length_ratio": 0.7462719298245614, "translation_length": 13612, "reference_length": 18240}, "bertscore": {"precision": 0.7923456180095673, "recall": 0.8128239232301712, "f1": 0.7995725654065609}}