{"rouge": {"rouge1": 0.26646185739250383, "rouge2": 0.1068089620517248, "rougeL": 0.20943043075006945, "rougeLsum": 0.21080417643891752}, "bleu": {"bleu": 0.07466564526827095, "precisions": [0.31313789359391964, 0.13551994036526277, 0.06976565501344602, 0.037803138373751786], "brevity_penalty": 0.725928308705783, "length_ratio": 0.7574013157894737, "translation_length": 13815, "reference_length": 18240}, "bertscore": {"precision": 0.7834060183167457, "recall": 0.8133697113394738, "f1": 0.7947927780449391}}