{"rouge": {"rouge1": 0.26072853027985504, "rouge2": 0.10926155877970668, "rougeL": 0.20356894559185212, "rougeLsum": 0.204051522193574}, "bleu": {"bleu": 0.07985658731976994, "precisions": [0.3120607253303346, 0.13978883424934915, 0.07119451891569854, 0.040451335584894076], "brevity_penalty": 0.7542893766425243, "length_ratio": 0.7800438596491228, "translation_length": 14228, "reference_length": 18240}, "bertscore": {"precision": 0.7908961628377438, "recall": 0.8171272541582585, "f1": 0.8009208407998085}}