{"rouge": {"rouge1": 0.25392787336536027, "rouge2": 0.11301344946616988, "rougeL": 0.20630236721260758, "rougeLsum": 0.2066922332732128}, "bleu": {"bleu": 0.08929777772673915, "precisions": [0.2828464959730737, 0.13037319866978692, 0.06781159237277434, 0.03737530768234227], "brevity_penalty": 0.9082045855741658, "length_ratio": 0.9121710526315789, "translation_length": 16638, "reference_length": 18240}, "bertscore": {"precision": 0.7706294359266758, "recall": 0.8048445340991021, "f1": 0.7842885503172874}}