{"rouge": {"rouge1": 0.13619473610833563, "rouge2": 0.045144446124136914, "rougeL": 0.10721960973701954, "rougeLsum": 0.10695405343017496}, "bleu": {"bleu": 0.03714728215669845, "precisions": [0.17940516273849608, 0.050803673938002294, 0.02244418331374853, 0.01022864019253911], "brevity_penalty": 0.9767065565697285, "length_ratio": 0.9769736842105263, "translation_length": 17820, "reference_length": 18240}, "bertscore": {"precision": 0.7165952624380588, "recall": 0.733371597379446, "f1": 0.7234347626566887}}