{"rouge": {"rouge1": 0.16344886184081292, "rouge2": 0.059136075372284824, "rougeL": 0.13176703270652906, "rougeLsum": 0.14034410179029028}, "bleu": {"bleu": 0.036098251001175655, "precisions": [0.1786195826645265, 0.056803953871499176, 0.025922165820642978, 0.0128], "brevity_penalty": 0.842730937823026, "length_ratio": 0.8538925438596491, "translation_length": 15575, "reference_length": 18240}, "bertscore": {"precision": 0.7250582608580589, "recall": 0.7507608580589294, "f1": 0.7359469488263131}}