{"rouge": {"rouge1": 0.158082527166466, "rouge2": 0.050334724920597734, "rougeL": 0.11980439220011171, "rougeLsum": 0.1189805481588681}, "bleu": {"bleu": 0.04489524711854536, "precisions": [0.2092089728453365, 0.06493349455864571, 0.02781908302354399, 0.014612452350698857], "brevity_penalty": 0.9261292822892, "length_ratio": 0.9287280701754386, "translation_length": 16940, "reference_length": 18240}, "bertscore": {"precision": 0.716799291819334, "recall": 0.7461190764605999, "f1": 0.7296835166215897}}