{"rouge": {"rouge1": 0.232812625575333, "rouge2": 0.08977460822470051, "rougeL": 0.18138426764169385, "rougeLsum": 0.1816602702529646}, "bleu": {"bleu": 0.06442762573805286, "precisions": [0.28087424433667707, 0.1053026683955504, 0.05156809092822564, 0.02634808344762867], "brevity_penalty": 0.8091923768770063, "length_ratio": 0.8252741228070175, "translation_length": 15053, "reference_length": 18240}, "bertscore": {"precision": 0.7661019423604012, "recall": 0.7876896792650223, "f1": 0.7746560309827327}}