{"rouge": {"rouge1": 0.17033332016534003, "rouge2": 0.05848864363910286, "rougeL": 0.1291767259319347, "rougeLsum": 0.12952276875351618}, "bleu": {"bleu": 0.04696061831935489, "precisions": [0.22672261752721523, 0.07068503397120239, 0.031004283065908075, 0.015154497146231056], "brevity_penalty": 0.8964734276039307, "length_ratio": 0.9014802631578948, "translation_length": 16443, "reference_length": 18240}, "bertscore": {"precision": 0.7265227781236172, "recall": 0.7661100931465625, "f1": 0.744121125638485}}