{"rouge": {"rouge1": 0.14414994831179526, "rouge2": 0.0502846503158041, "rougeL": 0.1150738996205471, "rougeLsum": 0.1146504079398439}, "bleu": {"bleu": 0.037136797553700786, "precisions": [0.18424088601753577, 0.05225555030703826, 0.023101112723754234, 0.010535448686167575], "brevity_penalty": 0.9491904422696049, "length_ratio": 0.9504385964912281, "translation_length": 17336, "reference_length": 18240}, "bertscore": {"precision": 0.7214609885215759, "recall": 0.7328924578428269, "f1": 0.7259577623009682}}