{"rouge": {"rouge1": 0.23354811670157793, "rouge2": 0.09195191013762335, "rougeL": 0.18505281660077588, "rougeLsum": 0.18489094313422086}, "bleu": {"bleu": 0.067114528734148, "precisions": [0.28850675085645194, 0.11030579139918548, 0.05480229999290125, 0.028640315627968146], "brevity_penalty": 0.7983325280583047, "length_ratio": 0.816173245614035, "translation_length": 14887, "reference_length": 18240}, "bertscore": {"precision": 0.7658816528320312, "recall": 0.7896173584461212, "f1": 0.7753834757208824}}