{"rouge": {"rouge1": 0.16795288886888968, "rouge2": 0.06027343267331073, "rougeL": 0.1323625448668203, "rougeLsum": 0.13604185537141436}, "bleu": {"bleu": 0.04810815400233674, "precisions": [0.20426506873457878, 0.0674407411863795, 0.03174701023301689, 0.016306408797876374], "brevity_penalty": 0.9309455779091719, "length_ratio": 0.9332236842105263, "translation_length": 17022, "reference_length": 18240}, "bertscore": {"precision": 0.727726139575243, "recall": 0.7547048655152321, "f1": 0.7391534474492073}}