{"rouge": {"rouge1": 0.16364779338076652, "rouge2": 0.0593164312613742, "rougeL": 0.13161763873311705, "rougeLsum": 0.13976178784703142}, "bleu": {"bleu": 0.036098251001175655, "precisions": [0.1786195826645265, 0.056803953871499176, 0.025922165820642978, 0.0128], "brevity_penalty": 0.842730937823026, "length_ratio": 0.8538925438596491, "translation_length": 15575, "reference_length": 18240}, "bertscore": {"precision": 0.7250582619011402, "recall": 0.75076086089015, "f1": 0.7359469512104988}}