{"rouge": {"rouge1": 0.1708210212040785, "rouge2": 0.061548910223960696, "rougeL": 0.13469884038249572, "rougeLsum": 0.1387058869179453}, "bleu": {"bleu": 0.048041112391932046, "precisions": [0.20861623505377636, 0.06901434464076833, 0.0325064697342675, 0.01670659845884867], "brevity_penalty": 0.9085037550742094, "length_ratio": 0.9124451754385965, "translation_length": 16643, "reference_length": 18240}, "bertscore": {"precision": 0.7308211255073548, "recall": 0.7542902481555939, "f1": 0.7406695549190044}}