{"rouge": {"rouge1": 0.25336693213028183, "rouge2": 0.11253950873314807, "rougeL": 0.20629851468361257, "rougeLsum": 0.2073291286268661}, "bleu": {"bleu": 0.08929777772673915, "precisions": [0.2828464959730737, 0.13037319866978692, 0.06781159237277434, 0.03737530768234227], "brevity_penalty": 0.9082045855741658, "length_ratio": 0.9121710526315789, "translation_length": 16638, "reference_length": 18240}, "bertscore": {"precision": 0.7706294374167919, "recall": 0.8048445348441601, "f1": 0.7842885513603687}}