{"rouge": {"rouge1": 0.251025186100032, "rouge2": 0.0997527045802614, "rougeL": 0.20039451796066218, "rougeLsum": 0.2006814932085802}, "bleu": {"bleu": 0.06530269358995834, "precisions": [0.31873461165410727, 0.12281781127432131, 0.06125525668491629, 0.032123248381545524], "brevity_penalty": 0.6970561212782012, "length_ratio": 0.734813596491228, "translation_length": 13403, "reference_length": 18240}, "bertscore": {"precision": 0.7812598814070225, "recall": 0.7894383047521114, "f1": 0.7838726887106895}}