{"rouge": {"rouge1": 0.2704561164961231, "rouge2": 0.11233686424268421, "rougeL": 0.21819234080797356, "rougeLsum": 0.21850932032434886}, "bleu": {"bleu": 0.0808927529550802, "precisions": [0.33403155983801147, 0.13669013072834363, 0.0705516935364591, 0.03970431336686481], "brevity_penalty": 0.7606627817201755, "length_ratio": 0.7851973684210526, "translation_length": 14322, "reference_length": 18240}, "bertscore": {"precision": 0.7878397439420223, "recall": 0.7977315351366997, "f1": 0.7912900692224503}}