{"rouge": {"rouge1": 0.4394233658164475, "rouge2": 0.2155942833577817, "rougeL": 0.3830120228258285, "rougeLsum": 0.38449833922050947}, "bleu": {"bleu": 0.0710812384539533, "precisions": [0.5853147714672908, 0.3091875080990022, 0.18245182451824518, 0.11343754481571777], "brevity_penalty": 0.2873266258275235, "length_ratio": 0.4450109649122807, "translation_length": 8117, "reference_length": 18240}, "bertscore": {"precision": 0.8642746599018574, "recall": 0.8341140137612819, "f1": 0.8476731510460377}}