{"rouge": {"rouge1": 0.25802981164851996, "rouge2": 0.10287336813007567, "rougeL": 0.2069324193558898, "rougeLsum": 0.2078400311488075}, "bleu": {"bleu": 0.07583833438185893, "precisions": [0.31798590682082506, 0.1254835760005627, 0.06311066078019831, 0.03540284713423269], "brevity_penalty": 0.7804675791910229, "length_ratio": 0.8013706140350877, "translation_length": 14617, "reference_length": 18240}, "bertscore": {"precision": 0.7829939782619476, "recall": 0.7950656075775623, "f1": 0.787446159273386}}