{"rouge": {"rouge1": 0.25165099886982234, "rouge2": 0.10117051026151845, "rougeL": 0.20162495418603654, "rougeLsum": 0.20231119755619306}, "bleu": {"bleu": 0.0742153670036755, "precisions": [0.30681894076003474, 0.11933026830439855, 0.05990263176462288, 0.033108255282073625], "brevity_penalty": 0.8039704638809106, "length_ratio": 0.8208881578947368, "translation_length": 14973, "reference_length": 18240}, "bertscore": {"precision": 0.7781289011240006, "recall": 0.7920553234219551, "f1": 0.7834519317746163}}