{"rouge": {"rouge1": 0.2037026914685232, "rouge2": 0.06872330501692187, "rougeL": 0.15699702063746818, "rougeLsum": 0.15766254348178094}, "bleu": {"bleu": 0.04918944216010128, "precisions": [0.24404620147654205, 0.07587216394242498, 0.03175793948487122, 0.014042062067196718], "brevity_penalty": 0.9176191436189028, "length_ratio": 0.9208333333333333, "translation_length": 16796, "reference_length": 18240}, "bertscore": {"precision": 0.747916655689478, "recall": 0.7761349393427373, "f1": 0.7600627453625202}}