{"rouge": {"rouge1": 0.24784233384101018, "rouge2": 0.09421877938175258, "rougeL": 0.19190938912318883, "rougeLsum": 0.19196267658112223}, "bleu": {"bleu": 0.06415087112612301, "precisions": [0.30583224115334207, 0.10841184387617765, 0.048409405255878286, 0.023044096728307255], "brevity_penalty": 0.8226028303642297, "length_ratio": 0.8366228070175439, "translation_length": 15260, "reference_length": 18240}, "bertscore": {"precision": 0.7736133064329624, "recall": 0.7946414647996426, "f1": 0.7824106521904468}}