{"rouge": {"rouge1": 0.27762438151356766, "rouge2": 0.11726288760215636, "rougeL": 0.22143899397018735, "rougeLsum": 0.22167250476356382}, "bleu": {"bleu": 0.08189683978239458, "precisions": [0.340048968170689, 0.13810723281756027, 0.07084105224157095, 0.04077892325315006], "brevity_penalty": 0.7588352256974312, "length_ratio": 0.7837171052631579, "translation_length": 14295, "reference_length": 18240}, "bertscore": {"precision": 0.788462583720684, "recall": 0.8000665159523487, "f1": 0.7927844895422459}}