{"rouge": {"rouge1": 0.2913365545163134, "rouge2": 0.12603169093113523, "rougeL": 0.23216066061156132, "rougeLsum": 0.23245291842027868}, "bleu": {"bleu": 0.08192770214806093, "precisions": [0.3601666542667956, 0.14845487309255426, 0.07807926588086385, 0.04501266236418593], "brevity_penalty": 0.6997431871427476, "length_ratio": 0.7368969298245615, "translation_length": 13441, "reference_length": 18240}, "bertscore": {"precision": 0.7952172781527043, "recall": 0.8027056296169758, "f1": 0.7975694243609905}}