{"rouge": {"rouge1": 0.2973382477206052, "rouge2": 0.12775373175536023, "rougeL": 0.2381250923808633, "rougeLsum": 0.238228132472881}, "bleu": {"bleu": 0.08209911835006496, "precisions": [0.36796992481203006, 0.15085271317829457, 0.07912, 0.04570247933884297], "brevity_penalty": 0.6897482718033084, "length_ratio": 0.7291666666666666, "translation_length": 13300, "reference_length": 18240}, "bertscore": {"precision": 0.7984272128343582, "recall": 0.803860186189413, "f1": 0.7997714108228684}}