{"rouge": {"rouge1": 0.2665747659746446, "rouge2": 0.11780930845049423, "rougeL": 0.2125169866176273, "rougeLsum": 0.2128402784275621}, "bleu": {"bleu": 0.08628049253107228, "precisions": [0.3180727990970655, 0.14677700348432055, 0.08014354066985646, 0.046624537607891495], "brevity_penalty": 0.7507506430499902, "length_ratio": 0.7771929824561403, "translation_length": 14176, "reference_length": 18240}, "bertscore": {"precision": 0.7928798735141754, "recall": 0.8200298924744129, "f1": 0.8032518199086189}}