{"rouge": {"rouge1": 0.24000186368892967, "rouge2": 0.10231874259634874, "rougeL": 0.19071159328925852, "rougeLsum": 0.19085691678965566}, "bleu": {"bleu": 0.07572906605632022, "precisions": [0.2814511802575107, 0.1243109151047409, 0.06462585034013606, 0.03551633605600933], "brevity_penalty": 0.7999740689394504, "length_ratio": 0.8175438596491228, "translation_length": 14912, "reference_length": 18240}, "bertscore": {"precision": 0.7748856057226657, "recall": 0.8064646671712399, "f1": 0.7873792371153832}}