{"rouge": {"rouge1": 0.2128712179416023, "rouge2": 0.08058907783762136, "rougeL": 0.16540711189431956, "rougeLsum": 0.1690236491998852}, "bleu": {"bleu": 0.05659573989282048, "precisions": [0.2599795291709314, 0.09421255699754472, 0.044893540238181165, 0.02482348569305091], "brevity_penalty": 0.7829970055176231, "length_ratio": 0.803453947368421, "translation_length": 14655, "reference_length": 18240}, "bertscore": {"precision": 0.7489674539864063, "recall": 0.7744026450812816, "f1": 0.7596510031819343}}