{"rouge": {"rouge1": 0.2406102748471915, "rouge2": 0.09722482815315067, "rougeL": 0.1924219609201952, "rougeLsum": 0.19288959503485}, "bleu": {"bleu": 0.06392609252300849, "precisions": [0.29428674092705714, 0.11402145763965964, 0.05596645062905071, 0.030829728666928825], "brevity_penalty": 0.7328489519973539, "length_ratio": 0.7628837719298246, "translation_length": 13915, "reference_length": 18240}, "bertscore": {"precision": 0.769667928814888, "recall": 0.7889956048130989, "f1": 0.77738679677248}}