{"rouge": {"rouge1": 0.26648204827125227, "rouge2": 0.1141663625907445, "rougeL": 0.20750178324034618, "rougeLsum": 0.207284238585909}, "bleu": {"bleu": 0.08052738758295608, "precisions": [0.31100846805234794, 0.13989488084095328, 0.0732448661872637, 0.03988081595232638], "brevity_penalty": 0.7584287624969194, "length_ratio": 0.7833881578947368, "translation_length": 14289, "reference_length": 18240}, "bertscore": {"precision": 0.7911776486039162, "recall": 0.8211864222586155, "f1": 0.803016045987606}}