{"rouge": {"rouge1": 0.2560423187543613, "rouge2": 0.10492553605862112, "rougeL": 0.20543710634548462, "rougeLsum": 0.20604370983414433}, "bleu": {"bleu": 0.05949625837455117, "precisions": [0.311266854574541, 0.11982399622849062, 0.05613693518293177, 0.028422906011570385], "brevity_penalty": 0.6773937588759185, "length_ratio": 0.7196820175438596, "translation_length": 13127, "reference_length": 18240}, "bertscore": {"precision": 0.7770513218641281, "recall": 0.7917098985612392, "f1": 0.7826304152607918}}