{"rouge": {"rouge1": 0.2562980754654668, "rouge2": 0.10881261480189447, "rougeL": 0.20310963960978168, "rougeLsum": 0.2029873323091161}, "bleu": {"bleu": 0.07644323480544914, "precisions": [0.3104873183243089, 0.1368436491639777, 0.07033847083711091, 0.03786226238703646], "brevity_penalty": 0.7411772107336028, "length_ratio": 0.7695175438596491, "translation_length": 14036, "reference_length": 18240}, "bertscore": {"precision": 0.7874934205412865, "recall": 0.8141519708931446, "f1": 0.7976683880388736}}