{"rouge": {"rouge1": 0.1278218850611015, "rouge2": 0.029496265988222768, "rougeL": 0.09045730830402052, "rougeLsum": 0.10442972191019229}, "bleu": {"bleu": 0.020325849796587442, "precisions": [0.1669642266746016, 0.03436799565305984, 0.012427564057809119, 0.005458593693887811], "brevity_penalty": 0.813743641894807, "length_ratio": 0.8291118421052631, "translation_length": 15123, "reference_length": 18240}, "bertscore": {"precision": 0.6810755807161332, "recall": 0.7301299411058426, "f1": 0.7028526572883129}}