{"rouge": {"rouge1": 0.2053066043153294, "rouge2": 0.07567157280840217, "rougeL": 0.1563705865842563, "rougeLsum": 0.1620169463682817}, "bleu": {"bleu": 0.053638236490053545, "precisions": [0.2501506931886679, 0.0880875369898837, 0.04090297926544477, 0.022285339742189207], "brevity_penalty": 0.8012202111041248, "length_ratio": 0.8185855263157895, "translation_length": 14931, "reference_length": 18240}, "bertscore": {"precision": 0.7432549980282783, "recall": 0.7726073896884919, "f1": 0.7557239313423634}}