{"rouge": {"rouge1": 0.2577730856399849, "rouge2": 0.10719886008368087, "rougeL": 0.2113315987679438, "rougeLsum": 0.21222370106460786}, "bleu": {"bleu": 0.06218973885883602, "precisions": [0.3174814235432147, 0.1233750504642713, 0.06141009595327493, 0.034268450582649976], "brevity_penalty": 0.6526776729705906, "length_ratio": 0.7009320175438597, "translation_length": 12785, "reference_length": 18240}, "bertscore": {"precision": 0.7791988116502762, "recall": 0.7891299037635326, "f1": 0.7825283353030682}}