{"rouge": {"rouge1": 0.28181201397016853, "rouge2": 0.12177095737018918, "rougeL": 0.22943203431719475, "rougeLsum": 0.22939454547017857}, "bleu": {"bleu": 0.05835640987264637, "precisions": [0.3747018895615483, 0.1503523138449819, 0.07523262720253415, 0.04040404040404041], "brevity_penalty": 0.5101311105060087, "length_ratio": 0.5976973684210526, "translation_length": 10902, "reference_length": 18240}, "bertscore": {"precision": 0.7990605729818344, "recall": 0.792616103887558, "f1": 0.7943772219121457}}