{"rouge": {"rouge1": 0.267035295936878, "rouge2": 0.10872146047736372, "rougeL": 0.21787758870217272, "rougeLsum": 0.21804431154631046}, "bleu": {"bleu": 0.056699244950606034, "precisions": [0.327493481095176, 0.12474730458221024, 0.05883891213389121, 0.03007586705202312], "brevity_penalty": 0.614890977117736, "length_ratio": 0.6728070175438596, "translation_length": 12272, "reference_length": 18240}, "bertscore": {"precision": 0.7852994851768017, "recall": 0.7912585084140301, "f1": 0.7868317544460297}}