{"rouge": {"rouge1": 0.2178993705400864, "rouge2": 0.0831928460983273, "rougeL": 0.1709647317270373, "rougeLsum": 0.1726499725965337}, "bleu": {"bleu": 0.058002337802978955, "precisions": [0.26215501457923646, 0.09590855231058758, 0.046533304653330464, 0.02495017347014099], "brevity_penalty": 0.7891003857635145, "length_ratio": 0.8084978070175438, "translation_length": 14747, "reference_length": 18240}, "bertscore": {"precision": 0.7507333531975746, "recall": 0.777923241108656, "f1": 0.7622435653209686}}