{"rouge": {"rouge1": 0.2623228282025143, "rouge2": 0.10392530068545176, "rougeL": 0.21225942904260503, "rougeLsum": 0.21272049764872536}, "bleu": {"bleu": 0.05465896894625428, "precisions": [0.33992094861660077, 0.12555614878092186, 0.06228086362797564, 0.032474374940128364], "brevity_penalty": 0.5670659878682566, "length_ratio": 0.6380482456140351, "translation_length": 11638, "reference_length": 18240}, "bertscore": {"precision": 0.787532566934824, "recall": 0.7854551441967488, "f1": 0.7850586357712745}}