{"rouge": {"rouge1": 0.2808490353143738, "rouge2": 0.1161987799764516, "rougeL": 0.22871177835783774, "rougeLsum": 0.22893771616207115}, "bleu": {"bleu": 0.053609993965573775, "precisions": [0.3626933407427989, 0.14061748581321534, 0.06862058617585276, 0.03719524901021046], "brevity_penalty": 0.5018981064744913, "length_ratio": 0.5919407894736842, "translation_length": 10797, "reference_length": 18240}, "bertscore": {"precision": 0.7956044013798237, "recall": 0.7923941743373871, "f1": 0.7926402874290943}}