{"rouge": {"rouge1": 0.23765111104638453, "rouge2": 0.09531317982360962, "rougeL": 0.1899066305426233, "rougeLsum": 0.19012772841307712}, "bleu": {"bleu": 0.06301609995227862, "precisions": [0.29410872696944423, 0.120415982484948, 0.061748325127128904, 0.03336391692384686], "brevity_penalty": 0.6818329057658797, "length_ratio": 0.7230811403508772, "translation_length": 13189, "reference_length": 18240}, "bertscore": {"precision": 0.7674803636968136, "recall": 0.8048511047661304, "f1": 0.7828430962562561}}