{"rouge": {"rouge1": 0.12410499928467408, "rouge2": 0.027989607548982318, "rougeL": 0.089453524518375, "rougeLsum": 0.10150344361448202}, "bleu": {"bleu": 0.020781129333260984, "precisions": [0.1658683813398071, 0.0340273566471262, 0.012741499896129077, 0.005697599886048003], "brevity_penalty": 0.8213779967107887, "length_ratio": 0.8355811403508772, "translation_length": 15241, "reference_length": 18240}, "bertscore": {"precision": 0.6794708666205406, "recall": 0.7277782154083252, "f1": 0.700897769331932}}