{"rouge": {"rouge1": 0.12669929826339188, "rouge2": 0.029013707730496864, "rougeL": 0.09047682737732568, "rougeLsum": 0.10275425235174093}, "bleu": {"bleu": 0.021441435560422623, "precisions": [0.16795201371036847, 0.03649042041838738, 0.013360239370955396, 0.005797723856560017], "brevity_penalty": 0.8168548597825483, "length_ratio": 0.8317434210526315, "translation_length": 15171, "reference_length": 18240}, "bertscore": {"precision": 0.6808029654622078, "recall": 0.7314387787878514, "f1": 0.7031998756527901}}