{"rouge": {"rouge1": 0.2207860277492078, "rouge2": 0.08195750412343877, "rougeL": 0.17427200363539672, "rougeLsum": 0.17606677055204595}, "bleu": {"bleu": 0.05611938095423707, "precisions": [0.26860016533480296, 0.09698214791725701, 0.04505686789151356, 0.023580654851306698], "brevity_penalty": 0.7737205612028708, "length_ratio": 0.7958333333333333, "translation_length": 14516, "reference_length": 18240}, "bertscore": {"precision": 0.7538913388550281, "recall": 0.7784892031550408, "f1": 0.7642037579417229}}