{"rouge": {"rouge1": 0.26344504660385004, "rouge2": 0.11094953120579149, "rougeL": 0.2053216879479314, "rougeLsum": 0.20535149403681602}, "bleu": {"bleu": 0.07633143429571235, "precisions": [0.3103253182461103, 0.14017467248908297, 0.06926536731634184, 0.03593508500772798], "brevity_penalty": 0.7482953191815328, "length_ratio": 0.7752192982456141, "translation_length": 14140, "reference_length": 18240}, "bertscore": {"precision": 0.7900424465537071, "recall": 0.817343526929617, "f1": 0.8007402622699737}}