{"rouge": {"rouge1": 0.26452888868578983, "rouge2": 0.1118154764226801, "rougeL": 0.20382381441414016, "rougeLsum": 0.20393234587600167}, "bleu": {"bleu": 0.07649558276975908, "precisions": [0.3067709434228141, 0.13361850213876605, 0.0694392593145673, 0.03763564996536597], "brevity_penalty": 0.7519085569332237, "length_ratio": 0.778125, "translation_length": 14193, "reference_length": 18240}, "bertscore": {"precision": 0.7826646177470684, "recall": 0.8160032661259174, "f1": 0.7960548655688763}}