{"rouge": {"rouge1": 0.14574952388033963, "rouge2": 0.0426814431323902, "rougeL": 0.10984750883364622, "rougeLsum": 0.12070588863535861}, "bleu": {"bleu": 0.02721449636238243, "precisions": [0.1796742671009772, 0.040735785953177256, 0.017457044673539517, 0.00911660777385159], "brevity_penalty": 0.8283880163077473, "length_ratio": 0.8415570175438597, "translation_length": 15350, "reference_length": 18240}, "bertscore": {"precision": 0.7043195456266403, "recall": 0.743417598605156, "f1": 0.7218064911663532}}