{"rouge": {"rouge1": 0.25765084609210503, "rouge2": 0.10570569592438823, "rougeL": 0.20216942054486825, "rougeLsum": 0.2020367983024851}, "bleu": {"bleu": 0.07223245260205541, "precisions": [0.3041225829989055, 0.13333333333333333, 0.06826811313444402, 0.036945221911235504], "brevity_penalty": 0.7182761807964055, "length_ratio": 0.7513706140350878, "translation_length": 13705, "reference_length": 18240}, "bertscore": {"precision": 0.7815094699710607, "recall": 0.8117531833052635, "f1": 0.7932336361706257}}