{"rouge": {"rouge1": 0.21126004657747785, "rouge2": 0.07776199837572464, "rougeL": 0.16363714457746528, "rougeLsum": 0.16408816280265529}, "bleu": {"bleu": 0.06073082156972411, "precisions": [0.26010722169662565, 0.0935619540601747, 0.044104948522085685, 0.023132036847492324], "brevity_penalty": 0.8603416224478604, "length_ratio": 0.8692434210526315, "translation_length": 15855, "reference_length": 18240}, "bertscore": {"precision": 0.7576277630031109, "recall": 0.7788124576210975, "f1": 0.7660768203437328}}