{"rouge": {"rouge1": 0.270187357763749, "rouge2": 0.12584589799886686, "rougeL": 0.21486925661477482, "rougeLsum": 0.2146394221847278}, "bleu": {"bleu": 0.098666934879843, "precisions": [0.3156247919579256, 0.1561452705013337, 0.08747626749173758, 0.05180522393459229], "brevity_penalty": 0.8071062329537761, "length_ratio": 0.8235197368421052, "translation_length": 15021, "reference_length": 18240}, "bertscore": {"precision": 0.7926732942461967, "recall": 0.8255603946745396, "f1": 0.8054817858338356}}