{"rouge": {"rouge1": 0.2587025782147736, "rouge2": 0.1078376617459726, "rougeL": 0.21002504372739672, "rougeLsum": 0.20967256521891003}, "bleu": {"bleu": 0.07278456176691074, "precisions": [0.3222353462276687, 0.13152289669861555, 0.06825670798681939, 0.038797991252227444], "brevity_penalty": 0.7071425839507739, "length_ratio": 0.7426535087719298, "translation_length": 13546, "reference_length": 18240}, "bertscore": {"precision": 0.7847765243053436, "recall": 0.789346225708723, "f1": 0.785439493060112}}