{"rouge": {"rouge1": 0.2556236837041084, "rouge2": 0.10699801636042647, "rougeL": 0.2054486191286212, "rougeLsum": 0.20605812213817923}, "bleu": {"bleu": 0.07360932675514818, "precisions": [0.31508896797153024, 0.12857142857142856, 0.06573584905660378, 0.03634241245136187], "brevity_penalty": 0.7421375760246347, "length_ratio": 0.7702850877192983, "translation_length": 14050, "reference_length": 18240}, "bertscore": {"precision": 0.7821589112281799, "recall": 0.7958900144696236, "f1": 0.7870784968137741}}