{"rouge": {"rouge1": 0.27010664909549886, "rouge2": 0.11690451797185264, "rougeL": 0.21564698131622226, "rougeLsum": 0.2158415021502531}, "bleu": {"bleu": 0.08653390668562036, "precisions": [0.3010557460829803, 0.14069518347038906, 0.07604292516523346, 0.04308390022675737], "brevity_penalty": 0.797280820350219, "length_ratio": 0.8152960526315789, "translation_length": 14871, "reference_length": 18240}, "bertscore": {"precision": 0.7515026141703128, "recall": 0.8062693502008915, "f1": 0.7735794769227504}}