{"rouge": {"rouge1": 0.24926596328939127, "rouge2": 0.11015534836004395, "rougeL": 0.19744635538897204, "rougeLsum": 0.19778381908272552}, "bleu": {"bleu": 0.08383700650417754, "precisions": [0.2861702820663149, 0.12908835529396026, 0.07085423682221154, 0.040067839728641086], "brevity_penalty": 0.8284521417537825, "length_ratio": 0.8416118421052632, "translation_length": 15351, "reference_length": 18240}, "bertscore": {"precision": 0.7742886933684349, "recall": 0.8130949005484581, "f1": 0.7899213665723801}}