{"rouge": {"rouge1": 0.26376143998816076, "rouge2": 0.12292966722115309, "rougeL": 0.21389397515818592, "rougeLsum": 0.21347233673286925}, "bleu": {"bleu": 0.09318311103446122, "precisions": [0.30777993700998457, 0.1488673139158576, 0.08362245981731926, 0.04787582890038621], "brevity_penalty": 0.8006956700528908, "length_ratio": 0.8181469298245614, "translation_length": 14923, "reference_length": 18240}, "bertscore": {"precision": 0.7829754132032395, "recall": 0.8167668406665325, "f1": 0.7959474831819534}}