{"rouge": {"rouge1": 0.2661988566758277, "rouge2": 0.12009773891209033, "rougeL": 0.21291618034511134, "rougeLsum": 0.21242222955924822}, "bleu": {"bleu": 0.0913508789012219, "precisions": [0.3052722214862896, 0.14260443597768405, 0.08036088963491397, 0.04576198014102749], "brevity_penalty": 0.8121201075603085, "length_ratio": 0.8277412280701755, "translation_length": 15098, "reference_length": 18240}, "bertscore": {"precision": 0.7799189770221711, "recall": 0.8159169782698155, "f1": 0.7939135029911994}}