{"rouge": {"rouge1": 0.24257607374173618, "rouge2": 0.10408712249535715, "rougeL": 0.19347746219338047, "rougeLsum": 0.19600983097809277}, "bleu": {"bleu": 0.07617535473114143, "precisions": [0.28418098912662226, 0.12630819198845183, 0.0696395392047566, 0.04121026426656454], "brevity_penalty": 0.7561231382943038, "length_ratio": 0.7815241228070176, "translation_length": 14255, "reference_length": 18240}, "bertscore": {"precision": 0.747680581510067, "recall": 0.8013571675121784, "f1": 0.7697617907822132}}