{"rouge": {"rouge1": 0.27659643393747707, "rouge2": 0.12569689929165972, "rougeL": 0.21552359599940352, "rougeLsum": 0.21572618187133358}, "bleu": {"bleu": 0.09853982523439714, "precisions": [0.31822109951472444, 0.15652530219217373, 0.08734115003861546, 0.050711550964386336], "brevity_penalty": 0.8085408322037129, "length_ratio": 0.8247258771929824, "translation_length": 15043, "reference_length": 18240}, "bertscore": {"precision": 0.7880508907139301, "recall": 0.8252257485687733, "f1": 0.8027635595202446}}