{"rouge": {"rouge1": 0.21655557825536498, "rouge2": 0.08099313868472291, "rougeL": 0.16891401718617377, "rougeLsum": 0.16889518494379022}, "bleu": {"bleu": 0.06062344019960646, "precisions": [0.26363927086664535, 0.09491302920905809, 0.04475901584091675, 0.023484586075510912], "brevity_penalty": 0.8465268429102122, "length_ratio": 0.8571820175438597, "translation_length": 15635, "reference_length": 18240}, "bertscore": {"precision": 0.7599402694404125, "recall": 0.7791442093253136, "f1": 0.7675049710273742}}