{"rouge": {"rouge1": 0.28797054215612405, "rouge2": 0.1228177437322177, "rougeL": 0.23544535869790206, "rougeLsum": 0.2360998471626706}, "bleu": {"bleu": 0.07199554285099585, "precisions": [0.36941666666666667, 0.15482758620689654, 0.08089285714285714, 0.046481481481481485], "brevity_penalty": 0.5945205479701945, "length_ratio": 0.6578947368421053, "translation_length": 12000, "reference_length": 18240}, "bertscore": {"precision": 0.7995672659575939, "recall": 0.7973873317241669, "f1": 0.7970510669052601}}