{"rouge": {"rouge1": 0.26197842286055883, "rouge2": 0.1101328230733668, "rougeL": 0.20975364842320154, "rougeLsum": 0.21073479923181734}, "bleu": {"bleu": 0.07731012617761143, "precisions": [0.32050369948776325, 0.13342120679554775, 0.06940253470126735, 0.03959240821406347], "brevity_penalty": 0.7425489556456214, "length_ratio": 0.7706140350877193, "translation_length": 14056, "reference_length": 18240}, "bertscore": {"precision": 0.7824867494404316, "recall": 0.7985477620363235, "f1": 0.7883790625631809}}