{"rouge": {"rouge1": 0.24089749609440508, "rouge2": 0.09903631249487055, "rougeL": 0.19470482670736144, "rougeLsum": 0.19400229533352004}, "bleu": {"bleu": 0.0745837337451618, "precisions": [0.29531966549770705, 0.12039090657055725, 0.06216139150270887, 0.03514822424420311], "brevity_penalty": 0.7944500169070299, "length_ratio": 0.812938596491228, "translation_length": 14828, "reference_length": 18240}, "bertscore": {"precision": 0.7748789441585541, "recall": 0.7901436033844947, "f1": 0.7804498328268528}}