{"rouge": {"rouge1": 0.269942690321592, "rouge2": 0.1259069806592058, "rougeL": 0.21470326854962665, "rougeLsum": 0.21434129605817676}, "bleu": {"bleu": 0.098666934879843, "precisions": [0.3156247919579256, 0.1561452705013337, 0.08747626749173758, 0.05180522393459229], "brevity_penalty": 0.8071062329537761, "length_ratio": 0.8235197368421052, "translation_length": 15021, "reference_length": 18240}, "bertscore": {"precision": 0.7926732933521271, "recall": 0.8255603919923306, "f1": 0.8054817846417427}}