{"rouge": {"rouge1": 0.27756276497503907, "rouge2": 0.11797933833362986, "rougeL": 0.22677049971269994, "rougeLsum": 0.22690795707959682}, "bleu": {"bleu": 0.07010444535812824, "precisions": [0.3516439454691259, 0.14391052195526097, 0.0739502999143102, 0.04108251996450754], "brevity_penalty": 0.6295748647709309, "length_ratio": 0.6836622807017544, "translation_length": 12470, "reference_length": 18240}, "bertscore": {"precision": 0.7949191948771477, "recall": 0.7929273380339146, "f1": 0.7925480702519416}}